"group_no","row_no_in_group","display_run_no","run_no","original_run_no","mode","result","attempt","source_file","source_row","path_length_m","time_s","encounters","personal_violations","intimate_violations","min_ped_dist_m","mean_angular_acceleration"
"1","1","1","1","1","baseline","succeeded","0","dynamic_4groups_headless_10.csv","1","36.72","99.99","0","0","0","","0.1612"
"1","2","2","2","2","baseline","succeeded","0","dynamic_4groups_headless_10.csv","2","36.437","99.99","0","0","0","","0.1657"
"1","3","3","3","3","baseline","succeeded","0","dynamic_4groups_headless_10.csv","3","36.555","101.39","0","0","0","","0.155"
"1","4","4","4","4","baseline","succeeded","0","dynamic_4groups_headless_10.csv","4","36.746","100.62","0","0","0","","0.1572"
"1","5","5","5","5","baseline","succeeded","0","dynamic_4groups_headless_10.csv","5","36.48","100.13","0","0","0","","0.1674"
"1","6","6","6","6","baseline","succeeded","0","dynamic_4groups_headless_10.csv","6","36.511","99.85","0","0","0","","0.1729"
"1","7","7","7","7","baseline","succeeded","0","dynamic_4groups_headless_10.csv","7","36.843","101.15","0","0","0","","0.1465"
"1","8","8","8","8","baseline","succeeded","0","dynamic_4groups_headless_10.csv","8","36.76","100.38","0","0","0","","0.1546"
"1","9","9","9","9","baseline","succeeded","0","dynamic_4groups_headless_10.csv","9","36.377","100.74","0","0","0","","0.1528"
"1","10","10","10","10","baseline","succeeded","0","dynamic_4groups_headless_10.csv","10","36.644","100.21","0","0","0","","0.2528"
"1","11","11","11","1","baseline","succeeded","0","experiment_results_v3.csv","1","36.729","101.73","0","0","0","","0.1616"
"1","12","12","12","2","baseline","succeeded","0","experiment_results_v3.csv","2","36.866","102.04","0","0","0","","0.1672"
"1","13","13","13","3","baseline","succeeded","0","experiment_results_v3.csv","3","36.705","101.8","0","0","0","","0.1583"
"1","14","14","14","4","baseline","succeeded","0","experiment_results_v3.csv","4","36.8","99.29","0","0","0","","0.1647"
"1","15","15","15","5","baseline","succeeded","0","experiment_results_v3.csv","5","36.962","102.42","0","0","0","","0.148"
"1","16","16","16","6","baseline","succeeded","0","experiment_results_v3.csv","6","36.204","98.1","0","0","0","","0.1753"
"1","17","17","17","7","baseline","succeeded","0","experiment_results_v3.csv","7","36.47","98.89","0","0","0","","0.1594"
"1","18","18","18","8","baseline","succeeded","0","experiment_results_v3.csv","8","36.401","99.69","0","0","0","","0.1513"
"1","19","19","19","9","baseline","succeeded","0","experiment_results_v3.csv","9","36.5","99.9","0","0","0","","0.156"
"1","20","20","20","10","baseline","succeeded","0","experiment_results_v3.csv","10","36.534","101.29","0","0","0","","0.1582"
"2","1","1","1","1","dynamic","timeout","0","dynamic_4groups_headless_10.csv","11","30.979","450.58","44","69","39","0.033","0.1546"
"2","2","2","2","2","dynamic","succeeded","0","dynamic_4groups_headless_10.csv","12","38.211","109.74","10","13","3","0.323","0.3044"
"2","3","3","3","3","dynamic","timeout","0","dynamic_4groups_headless_10.csv","13","29.424","450.6","63","71","44","0.033","0.1456"
"2","4","4","4","4","dynamic","succeeded","0","dynamic_4groups_headless_10.csv","14","36.471","94.86","7","11","5","0.114","0.249"
"2","5","5","5","5","dynamic","succeeded","0","dynamic_4groups_headless_10.csv","15","36.413","96.3","7","13","5","0.278","0.2474"
"2","6","6","6","6","dynamic","succeeded","0","dynamic_4groups_headless_10.csv","16","36.341","95.1","7","14","5","0.245","0.2546"
"2","7","7","7","7","dynamic","succeeded","0","dynamic_4groups_headless_10.csv","17","36.455","96.18","6","11","4","0.16","0.2481"
"2","8","8","8","8","dynamic","aborted","0","dynamic_4groups_headless_10.csv","18","44.272","244.76","11","22","6","0.015","0.1988"
"2","9","8","8","8","dynamic","succeeded","1","dynamic_4groups_headless_10.csv","19","35.961","94.48","7","10","4","0.175","0.2368"
"2","10","9","9","9","dynamic","succeeded","0","dynamic_4groups_headless_10.csv","20","36.397","96.43","6","12","2","0.239","0.2262"
"2","11","10","10","10","dynamic","succeeded","0","dynamic_4groups_headless_10.csv","21","37.338","102.38","5","9","3","0.109","0.2479"
"2","12","11","11","1","dynamic","succeeded","0","experiment_results_v3.csv","11","37.849","228.01","17","32","3","0.079","0.206"
"2","13","12","12","2","dynamic","succeeded","0","experiment_results_v3.csv","12","36.57","95.15","7","12","3","0.274","0.25"
"2","14","13","13","3","dynamic","aborted","0","experiment_results_v3.csv","13","31.283","92.18","9","11","6","0.208","0.3256"
"2","15","13","13","3","dynamic","succeeded","1","experiment_results_v3.csv","14","42.562","116.58","7","12","4","0.051","0.302"
"2","16","14","14","4","dynamic","succeeded","0","experiment_results_v3.csv","15","39.671","105.24","8","10","4","0.257","0.3628"
"2","17","15","15","5","dynamic","succeeded","0","experiment_results_v3.csv","16","36.896","98.39","6","12","4","0.142","0.2898"
"2","18","16","16","6","dynamic","succeeded","0","experiment_results_v3.csv","17","36.416","97.55","7","12","3","0.26","0.3479"
"2","19","17","17","7","dynamic","succeeded","0","experiment_results_v3.csv","18","36.406","99.05","7","10","3","0.124","0.203"
"2","20","18","18","8","dynamic","aborted","0","experiment_results_v3.csv","19","32.063","104.98","10","11","4","0.101","0.2824"
"2","21","18","18","8","dynamic","aborted","1","experiment_results_v3.csv","20","28.905","114.99","12","12","3","0.121","0.2805"
"2","22","18","18","8","dynamic","succeeded","2","experiment_results_v3.csv","21","44.305","124.3","12","12","5","0.023","0.301"
"2","23","19","19","9","dynamic","aborted","0","experiment_results_v3.csv","22","17.135","56.64","2","5","2","0.076","0.3262"
"2","24","19","19","9","dynamic","succeeded","1","experiment_results_v3.csv","23","36.301","99.97","5","7","2","0.282","0.2439"
"2","25","20","20","10","dynamic","aborted","0","experiment_results_v3.csv","24","25.795","345.66","45","50","3","0.198","0.1023"
"2","26","20","20","10","dynamic","succeeded","1","experiment_results_v3.csv","25","36.249","97.88","8","13","3","0.302","0.2763"
"3","1","1","1","1","dynamic_astar","succeeded","0","dynamic_4groups_headless_10.csv","22","36.386","96.46","6","21","4","0.358","0.3082"
"3","2","2","2","2","dynamic_astar","succeeded","0","dynamic_4groups_headless_10.csv","23","36.064","96.39","7","10","5","0.206","0.3501"
"3","3","3","3","3","dynamic_astar","succeeded","0","dynamic_4groups_headless_10.csv","24","36.284","99.5","9","10","2","0.21","0.3336"
"3","4","4","4","4","dynamic_astar","succeeded","0","dynamic_4groups_headless_10.csv","25","36.145","94.93","7","11","4","0.29","0.2593"
"3","5","5","5","5","dynamic_astar","succeeded","0","dynamic_4groups_headless_10.csv","26","39.609","116.78","8","11","2","0.223","0.2289"
"3","6","6","6","6","dynamic_astar","succeeded","0","dynamic_4groups_headless_10.csv","27","36.361","96.5","7","12","5","0.25","0.2516"
"3","7","7","7","7","dynamic_astar","aborted","0","dynamic_4groups_headless_10.csv","28","33.807","98.45","17","9","5","0.348","0.2941"
"3","8","7","7","7","dynamic_astar","succeeded","1","dynamic_4groups_headless_10.csv","29","36.445","94.54","6","11","5","0.257","0.2536"
"3","9","8","8","8","dynamic_astar","succeeded","0","dynamic_4groups_headless_10.csv","30","36.272","95.49","9","11","3","0.231","0.2672"
"3","10","9","9","9","dynamic_astar","succeeded","0","dynamic_4groups_headless_10.csv","31","36.296","95.12","7","11","3","0.209","0.2572"
"3","11","10","10","10","dynamic_astar","timeout","0","dynamic_4groups_headless_10.csv","32","30.966","450.33","45","78","4","0.02","0.1189"
"3","12","11","11","1","dynamic_astar","aborted","0","experiment_results_v3.csv","26","27.073","74.92","7","15","3","0.159","0.3929"
"3","13","11","11","1","dynamic_astar","succeeded","1","experiment_results_v3.csv","27","41.694","383.21","29","32","7","0.114","0.1736"
"3","14","12","12","2","dynamic_astar","succeeded","0","experiment_results_v3.csv","28","36.254","95.13","7","11","4","0.336","0.2754"
"3","15","13","13","3","dynamic_astar","timeout","0","experiment_results_v3.csv","29","37.355","450.61","34","38","49","0.033","0.1406"
"3","16","14","14","4","dynamic_astar","succeeded","0","experiment_results_v3.csv","30","36.329","95.94","7","11","4","0.269","0.2456"
"3","17","15","15","5","dynamic_astar","aborted","0","experiment_results_v3.csv","31","28.21","91.52","10","13","6","0.024","0.3318"
"3","18","15","15","5","dynamic_astar","succeeded","1","experiment_results_v3.csv","32","36.431","99.67","6","10","3","0.305","0.2547"
"3","19","16","16","6","dynamic_astar","aborted","0","experiment_results_v3.csv","33","26.086","351.64","46","54","44","0.077","0.1114"
"3","20","16","16","6","dynamic_astar","succeeded","1","experiment_results_v3.csv","34","36.842","98.58","6","8","1","0.248","0.245"
"3","21","17","17","7","dynamic_astar","aborted","0","experiment_results_v3.csv","35","15.063","63.99","6","7","0","0.512","0.3368"
"3","22","17","17","7","dynamic_astar","succeeded","1","experiment_results_v3.csv","36","36.105","94.14","6","12","3","0.097","0.2371"
"3","23","18","18","8","dynamic_astar","aborted","0","experiment_results_v3.csv","37","16.482","58.26","4","6","3","0.157","0.3075"
"3","24","18","18","8","dynamic_astar","succeeded","1","experiment_results_v3.csv","38","36.601","99.28","6","10","2","0.221","0.2283"
"3","25","19","19","9","dynamic_astar","aborted","0","experiment_results_v3.csv","39","45.106","142.17","14","15","4","0.217","0.2291"
"3","26","19","19","9","dynamic_astar","succeeded","1","experiment_results_v3.csv","40","38.795","115.56","5","12","5","0.157","0.2137"
"3","27","20","20","10","dynamic_astar","succeeded","0","experiment_results_v3.csv","41","41.017","108.62","7","11","4","0.032","0.2497"
"4","1","1","1","1","dynamic_dstar","aborted","0","dynamic_4groups_headless_10.csv","33","36.227","110.01","18","14","10","0.03","0.3599"
"4","2","1","1","1","dynamic_dstar","aborted","1","dynamic_4groups_headless_10.csv","34","35.246","292.97","15","15","6","0.028","0.1806"
"4","3","1","1","1","dynamic_dstar","succeeded","2","dynamic_4groups_headless_10.csv","35","43.055","395.23","34","59","28","0.047","0.1516"
"4","4","2","2","2","dynamic_dstar","aborted","0","dynamic_4groups_headless_10.csv","36","29.828","330.72","48","58","7","0.007","0.1378"
"4","5","2","2","2","dynamic_dstar","aborted","1","dynamic_4groups_headless_10.csv","37","39.004","385.56","34","41","30","0.061","0.1355"
"4","6","2","2","2","dynamic_dstar","succeeded","2","dynamic_4groups_headless_10.csv","38","37.578","97.23","8","13","4","0.106","0.2308"
"4","7","3","3","3","dynamic_dstar","succeeded","0","dynamic_4groups_headless_10.csv","39","38.949","114.56","9","9","5","0.169","0.1983"
"4","8","4","4","4","dynamic_dstar","aborted","0","dynamic_4groups_headless_10.csv","40","32.95","87.97","6","8","3","0.124","0.1743"
"4","9","4","4","4","dynamic_dstar","succeeded","1","dynamic_4groups_headless_10.csv","41","36.604","98.35","7","9","3","0.04","0.1627"
"4","10","5","5","5","dynamic_dstar","succeeded","0","dynamic_4groups_headless_10.csv","42","42.275","122.91","7","14","4","0.237","0.1555"
"4","11","6","6","6","dynamic_dstar","succeeded","0","dynamic_4groups_headless_10.csv","43","38.473","106.61","6","11","2","0.069","0.2128"
"4","12","7","7","7","dynamic_dstar","aborted","0","dynamic_4groups_headless_10.csv","44","38.529","350.03","16","21","8","0.108","0.1155"
"4","13","7","7","7","dynamic_dstar","succeeded","1","dynamic_4groups_headless_10.csv","45","37.958","99.87","5","7","3","0.05","0.1654"
"4","14","8","8","8","dynamic_dstar","succeeded","0","dynamic_4groups_headless_10.csv","46","36.785","95.98","6","13","2","0.013","0.1654"
"4","15","9","9","9","dynamic_dstar","succeeded","0","dynamic_4groups_headless_10.csv","47","36.841","99.38","8","10","3","0.07","0.1827"
"4","16","10","10","10","dynamic_dstar","succeeded","0","dynamic_4groups_headless_10.csv","48","36.714","98.58","7","9","4","0.034","0.1434"
"4","17","11","11","1","dynamic_dstar","succeeded","0","experiment_results_v3.csv","42","36.625","95.84","10","14","3","0.077","0.2299"
"4","18","12","12","2","dynamic_dstar","succeeded","0","experiment_results_v3.csv","43","36.421","95.17","11","15","5","0.035","0.2249"
"4","19","13","13","3","dynamic_dstar","succeeded","0","experiment_results_v3.csv","44","36.495","93.92","9","11","2","0.287","0.2185"
"4","20","14","14","4","dynamic_dstar","succeeded","0","experiment_results_v3.csv","45","40.654","366.32","50","51","40","0.088","0.1532"
"4","21","15","15","5","dynamic_dstar","succeeded","0","experiment_results_v3.csv","46","36.656","94.59","6","12","2","0.141","0.1769"
"4","22","16","16","6","dynamic_dstar","aborted","0","experiment_results_v3.csv","47","41.828","130.39","8","17","3","0.229","0.2367"
"4","23","16","16","6","dynamic_dstar","succeeded","1","experiment_results_v3.csv","48","37.224","100.16","8","12","2","0.211","0.1944"
"4","24","17","17","7","dynamic_dstar","aborted","0","experiment_results_v3.csv","49","36.733","93.37","8","11","3","0.199","0.1601"
"4","25","17","17","7","dynamic_dstar","succeeded","1","experiment_results_v3.csv","50","36.837","104.64","5","10","3","0.092","0.1929"
"4","26","18","18","8","dynamic_dstar","succeeded","0","experiment_results_v3.csv","51","45.18","126.91","13","15","6","0.0","0.193"
"4","27","19","19","9","dynamic_dstar","succeeded","0","experiment_results_v3.csv","52","36.251","94.52","10","13","4","0.018","0.1679"
"4","28","20","20","10","dynamic_dstar","aborted","0","experiment_results_v3.csv","53","23.735","61.56","6","9","4","0.019","0.2587"
"4","29","20","20","10","dynamic_dstar","aborted","1","experiment_results_v3.csv","54","22.522","69.28","5","5","2","0.033","0.2259"
"4","30","20","20","10","dynamic_dstar","succeeded","2","experiment_results_v3.csv","55","36.324","102.69","6","9","3","0.201","0.1475"
"5","1","1","1","1","social","succeeded","0","social_4groups_headless_10.csv","1","40.047","131.86","7","12","3","0.187","0.2422"
"5","2","2","2","2","social","succeeded","0","social_4groups_headless_10.csv","2","36.346","95.42","8","14","7","0.02","0.2699"
"5","3","3","3","3","social","succeeded","0","social_4groups_headless_10.csv","3","36.512","102.2","7","7","1","0.157","0.3071"
"5","4","4","4","4","social","succeeded","0","social_4groups_headless_10.csv","4","36.911","102.73","9","13","1","0.172","0.2465"
"5","5","5","5","5","social","succeeded","0","social_4groups_headless_10.csv","5","36.195","101.64","8","8","6","0.126","0.2413"
"5","6","6","6","6","social","succeeded","0","social_4groups_headless_10.csv","6","36.219","95.52","8","16","6","0.045","0.2558"
"5","7","7","7","7","social","succeeded","0","social_4groups_headless_10.csv","7","39.239","131.49","8","14","3","0.263","0.2236"
"5","8","8","8","8","social","succeeded","0","social_4groups_headless_10.csv","8","36.467","99.64","6","8","0","0.508","0.2699"
"5","9","9","9","9","social","aborted","0","social_4groups_headless_10.csv","9","32.003","363.7","14","13","7","0.094","0.1509"
"5","10","9","9","9","social","succeeded","1","social_4groups_headless_10.csv","10","36.657","102.55","10","8","4","0.014","0.2278"
"5","11","10","10","10","social","succeeded","0","social_4groups_headless_10.csv","11","36.315","102.99","6","9","3","0.25","0.2102"
"5","12","11","11","1","social","succeeded","0","experiment_results_v3.csv","56","36.364","94.94","8","12","4","0.122","0.2826"
"5","13","12","12","2","social","succeeded","0","experiment_results_v3.csv","57","36.418","111.54","9","12","5","0.049","0.3107"
"5","14","13","13","3","social","succeeded","0","experiment_results_v3.csv","58","38.113","115.9","8","9","3","0.227","0.2509"
"5","15","14","14","4","social","succeeded","0","experiment_results_v3.csv","59","36.11","159.26","19","21","15","0.073","0.2232"
"5","16","15","15","5","social","succeeded","0","experiment_results_v3.csv","60","39.256","116.03","14","12","6","0.102","0.2503"
"5","17","16","16","1","social","aborted","0","experiment_results_v3.csv","79","32.494","112.57","9","13","3","0.066","0.2889"
"5","18","16","16","1","social","succeeded","1","experiment_results_v3.csv","80","36.482","102.48","7","7","6","0.071","0.2734"
"5","19","17","17","2","social","aborted","0","experiment_results_v3.csv","81","25.302","81.18","8","16","2","0.225","0.2939"
"5","20","17","17","2","social","succeeded","1","experiment_results_v3.csv","82","36.035","102.9","7","7","4","0.093","0.2408"
"5","21","18","18","3","social","succeeded","0","experiment_results_v3.csv","83","36.256","102.16","5","9","2","0.229","0.245"
"5","22","19","19","4","social","succeeded","0","experiment_results_v3.csv","84","37.243","103.07","5","7","3","0.26","0.2669"
"5","23","20","20","5","social","succeeded","0","experiment_results_v3.csv","85","36.828","101.82","6","7","5","0.104","0.2857"
"6","1","1","1","1","social_astar","aborted","0","social_4groups_headless_10.csv","12","30.041","84.56","6","12","1","0.185","0.3766"
"6","2","1","1","1","social_astar","aborted","1","social_4groups_headless_10.csv","13","17.534","367.04","2","7","1","0.322","0.1457"
"6","3","1","1","1","social_astar","succeeded","2","social_4groups_headless_10.csv","14","38.395","104.09","9","7","3","0.075","0.2595"
"6","4","2","2","2","social_astar","succeeded","0","social_4groups_headless_10.csv","15","39.261","114.92","9","17","6","0.136","0.3063"
"6","5","3","3","3","social_astar","succeeded","0","social_4groups_headless_10.csv","16","36.137","114.85","9","10","5","0.042","0.2268"
"6","6","4","4","4","social_astar","succeeded","0","social_4groups_headless_10.csv","17","36.241","172.16","20","23","14","0.015","0.2261"
"6","7","5","5","5","social_astar","succeeded","0","social_4groups_headless_10.csv","18","36.218","99.17","7","13","2","0.292","0.2506"
"6","8","6","6","6","social_astar","aborted","0","social_4groups_headless_10.csv","19","17.172","57.43","4","5","1","0.168","0.3364"
"6","9","6","6","6","social_astar","succeeded","1","social_4groups_headless_10.csv","20","36.423","114.77","10","10","6","0.258","0.2039"
"6","10","7","7","7","social_astar","succeeded","0","social_4groups_headless_10.csv","21","36.276","123.07","12","14","5","0.264","0.2217"
"6","11","8","8","8","social_astar","aborted","0","social_4groups_headless_10.csv","22","24.956","73.45","7","8","4","0.024","0.3047"
"6","12","8","8","8","social_astar","succeeded","1","social_4groups_headless_10.csv","23","38.061","104.17","8","11","4","0.282","0.2063"
"6","13","9","9","9","social_astar","succeeded","0","social_4groups_headless_10.csv","24","38.171","112.27","12","14","6","0.004","0.2408"
"6","14","10","10","10","social_astar","succeeded","0","social_4groups_headless_10.csv","25","36.45","101.59","11","8","4","0.038","0.2056"
"6","15","11","11","1","social_astar","succeeded","0","experiment_results_v3.csv","61","35.907","100.94","5","14","2","0.418","0.2773"
"6","16","12","12","2","social_astar","succeeded","0","experiment_results_v3.csv","62","37.559","166.46","14","24","12","0.118","0.2708"
"6","17","13","13","3","social_astar","aborted","0","experiment_results_v3.csv","63","15.838","45.07","2","2","1","0.347","0.2912"
"6","18","13","13","3","social_astar","timeout","1","experiment_results_v3.csv","64","33.395","450.4","62","72","6","0.021","0.1375"
"6","19","14","14","4","social_astar","succeeded","0","experiment_results_v3.csv","65","36.357","103.23","6","8","4","0.029","0.2161"
"6","20","15","15","5","social_astar","succeeded","0","experiment_results_v3.csv","66","41.286","187.42","13","21","6","0.071","0.2683"
"6","21","16","16","1","social_astar","succeeded","0","experiment_results_v3.csv","86","36.158","103.54","6","18","7","0.124","0.2917"
"6","22","17","17","2","social_astar","succeeded","0","experiment_results_v3.csv","87","36.485","99.69","8","14","3","0.145","0.2851"
"6","23","18","18","3","social_astar","succeeded","0","experiment_results_v3.csv","88","36.32","99.83","7","13","3","0.297","0.2788"
"6","24","19","19","4","social_astar","succeeded","0","experiment_results_v3.csv","89","36.401","101.61","7","8","3","0.117","0.2637"
"6","25","20","20","5","social_astar","succeeded","0","experiment_results_v3.csv","90","36.633","148.58","16","18","11","0.106","0.236"
"7","1","1","1","1","social_smac","aborted","0","social_4groups_headless_10.csv","26","53.825","181.8","12","22","11","0.037","0.3287"
"7","2","1","1","1","social_smac","succeeded","1","social_4groups_headless_10.csv","27","42.156","107.45","10","15","4","0.281","0.3466"
"7","3","2","2","2","social_smac","succeeded","0","social_4groups_headless_10.csv","28","42.058","125.95","11","12","4","0.041","0.3638"
"7","4","3","3","3","social_smac","aborted","0","social_4groups_headless_10.csv","29","49.701","167.56","18","18","1","0.305","0.3308"
"7","5","3","3","3","social_smac","timeout","1","social_4groups_headless_10.csv","30","41.034","450.38","31","47","26","0.023","0.2518"
"7","6","4","4","4","social_smac","aborted","0","social_4groups_headless_10.csv","31","40.397","182.75","12","16","2","0.321","0.3349"
"7","7","4","4","4","social_smac","aborted","1","social_4groups_headless_10.csv","32","26.177","81.81","8","11","3","0.2","0.3586"
"7","8","4","4","4","social_smac","aborted","2","social_4groups_headless_10.csv","33","16.031","121.84","2","3","1","0.357","0.41"
"7","9","5","5","5","social_smac","succeeded","0","social_4groups_headless_10.csv","34","44.82","141.77","11","16","3","0.072","0.2988"
"7","10","6","6","6","social_smac","aborted","0","social_4groups_headless_10.csv","35","41.996","115.07","11","13","5","0.076","0.309"
"7","11","6","6","6","social_smac","succeeded","1","social_4groups_headless_10.csv","36","37.727","100.5","6","9","0","0.479","0.3168"
"7","12","7","7","7","social_smac","succeeded","0","social_4groups_headless_10.csv","37","37.203","103.42","5","8","1","0.195","0.3212"
"7","13","8","8","8","social_smac","succeeded","0","social_4groups_headless_10.csv","38","44.308","142.02","8","14","3","0.062","0.3272"
"7","14","9","9","9","social_smac","succeeded","0","social_4groups_headless_10.csv","39","37.854","101.46","7","8","1","0.16","0.3099"
"7","15","10","10","10","social_smac","succeeded","0","social_4groups_headless_10.csv","40","37.625","100.55","4","7","1","0.31","0.2986"
"7","16","11","11","1","social_smac","succeeded","0","experiment_results_v3.csv","67","41.677","394.17","14","60","8","0.022","0.4651"
"7","17","12","12","2","social_smac","aborted","0","experiment_results_v3.csv","68","37.718","97.55","12","15","5","0.133","0.421"
"7","18","12","12","2","social_smac","succeeded","1","experiment_results_v3.csv","69","48.897","160.83","8","10","3","0.082","0.3269"
"7","19","13","13","3","social_smac","timeout","0","experiment_results_v3.csv","70","40.6","450.61","46","52","36","0.049","0.1567"
"7","20","14","14","4","social_smac","succeeded","0","experiment_results_v3.csv","71","42.653","128.29","9","11","4","0.095","0.3627"
"7","21","15","15","5","social_smac","succeeded","0","experiment_results_v3.csv","72","39.748","108.28","5","7","1","0.366","0.2698"
"7","22","16","16","1","social_smac","succeeded","0","experiment_results_v3.csv","91","37.535","95.33","8","13","4","0.158","0.505"
"7","23","17","17","2","social_smac","timeout","0","experiment_results_v3.csv","92","27.077","450.43","65","60","48","0.142","0.1824"
"7","24","18","18","3","social_smac","aborted","0","experiment_results_v3.csv","93","24.705","73.84","9","9","3","0.056","0.5427"
"7","25","18","18","3","social_smac","succeeded","1","experiment_results_v3.csv","94","37.697","99.36","7","10","5","0.09","0.3498"
"7","26","19","19","4","social_smac","aborted","0","experiment_results_v3.csv","95","50.283","236.14","10","18","5","0.026","0.312"
"7","27","19","19","4","social_smac","aborted","1","experiment_results_v3.csv","96","27.827","81.83","6","7","2","0.186","0.3933"
"7","28","19","19","4","social_smac","aborted","2","experiment_results_v3.csv","97","22.528","86.5","8","9","7","0.065","0.2582"
"7","29","20","20","1","social_smac","succeeded","0","experiment_results_v3.csv","98","45.455","148.48","16","18","3","0.051","0.4228"
"8","1","1","1","1","social_dstar","succeeded","0","social_4groups_headless_10.csv","41","36.333","87.54","6","10","4","0.023","0.2633"
"8","2","2","2","2","social_dstar","succeeded","0","social_4groups_headless_10.csv","42","36.758","95.84","7","11","7","0.043","0.3009"
"8","3","3","3","3","social_dstar","succeeded","0","social_4groups_headless_10.csv","43","37.553","403.79","33","40","53","0.036","0.1622"
"8","4","4","4","4","social_dstar","succeeded","0","social_4groups_headless_10.csv","44","36.417","103.86","5","8","7","0.249","0.1951"
"8","5","5","5","5","social_dstar","succeeded","0","social_4groups_headless_10.csv","45","36.448","92.48","7","10","6","0.145","0.296"
"8","6","6","6","6","social_dstar","succeeded","0","social_4groups_headless_10.csv","46","36.579","93.91","8","11","5","0.066","0.2141"
"8","7","7","7","7","social_dstar","succeeded","0","social_4groups_headless_10.csv","47","36.785","94.38","8","11","5","0.29","0.2231"
"8","8","8","8","8","social_dstar","succeeded","0","social_4groups_headless_10.csv","48","40.493","104.82","8","11","16","0.072","0.2884"
"8","9","9","9","9","social_dstar","succeeded","0","social_4groups_headless_10.csv","49","36.857","104.93","7","12","2","0.3","0.2015"
"8","10","10","10","10","social_dstar","aborted","0","social_4groups_headless_10.csv","50","29.661","90.74","12","11","6","0.03","0.3136"
"8","11","10","10","10","social_dstar","timeout","1","social_4groups_headless_10.csv","51","39.699","450.63","31","36","2","0.094","0.1174"
"8","12","11","11","1","social_dstar","succeeded","0","experiment_results_v3.csv","73","39.952","109.73","10","12","5","0.186","0.2596"
"8","13","12","12","2","social_dstar","succeeded","0","experiment_results_v3.csv","74","36.415","86.55","7","10","4","0.106","0.2147"
"8","14","13","13","3","social_dstar","succeeded","0","experiment_results_v3.csv","75","39.477","100.81","6","7","2","0.151","0.229"
"8","15","14","14","4","social_dstar","aborted","0","experiment_results_v3.csv","76","39.138","127.23","11","10","2","0.134","0.2647"
"8","16","14","14","4","social_dstar","succeeded","1","experiment_results_v3.csv","77","39.615","118.07","10","10","5","0.067","0.3013"
"8","17","15","15","5","social_dstar","succeeded","0","experiment_results_v3.csv","78","37.937","138.68","10","12","7","0.14","0.1987"
"8","18","16","16","1","social_dstar","succeeded","0","experiment_results_v3.csv","100","39.588","112.58","12","14","4","0.149","0.2549"
"8","19","17","17","2","social_dstar","succeeded","0","experiment_results_v3.csv","101","36.086","86.8","6","11","6","0.166","0.2478"
"8","20","18","18","3","social_dstar","succeeded","0","experiment_results_v3.csv","102","36.351","116.17","4","11","3","0.107","0.2346"
"8","21","19","19","4","social_dstar","succeeded","0","experiment_results_v3.csv","103","37.384","349.45","7","16","4","0.228","0.1367"
"8","22","20","20","5","social_dstar","succeeded","0","experiment_results_v3.csv","104","36.636","92.05","7","9","5","0.04","0.2505"
"9","1","1","1","1","social_dstar_plus","timeout","0","experiment_results_v3.csv","111","50.296","450.59","27","31","14","0.042","0.2241"
"9","2","2","2","2","social_dstar_plus","succeeded","0","experiment_results_v3.csv","112","36.484","96.22","8","14","1","0.062","0.2432"
"9","3","3","3","3","social_dstar_plus","succeeded","0","experiment_results_v3.csv","113","51.481","395.27","42","47","6","0.037","0.1888"
"9","4","4","4","4","social_dstar_plus","succeeded","0","experiment_results_v3.csv","114","36.478","104.87","7","11","2","0.168","0.2214"
"9","5","5","5","5","social_dstar_plus","succeeded","0","experiment_results_v3.csv","115","37.084","101.03","6","8","2","0.296","0.2512"
"9","6","6","6","6","social_dstar_plus","succeeded","0","experiment_results_v3.csv","116","37.958","100.66","6","9","3","0.231","0.2428"
"9","7","7","7","7","social_dstar_plus","succeeded","0","experiment_results_v3.csv","117","43.291","110.62","8","10","2","0.332","0.2308"
"9","8","8","8","8","social_dstar_plus","succeeded","0","experiment_results_v3.csv","118","38.878","100.46","6","8","0","0.505","0.204"
"9","9","9","9","9","social_dstar_plus","succeeded","0","experiment_results_v3.csv","119","36.655","106.35","6","11","2","0.331","0.1989"
"9","10","10","10","10","social_dstar_plus","succeeded","0","experiment_results_v3.csv","120","36.634","101.84","7","8","5","0.227","0.2212"
"9","11","11","11","11","social_dstar_plus","succeeded","0","experiment_results_v3.csv","121","36.79","101.06","6","8","1","0.366","0.2506"
"9","12","12","12","12","social_dstar_plus","succeeded","0","experiment_results_v3.csv","122","41.725","114.55","7","10","2","0.042","0.2194"
"9","13","13","13","13","social_dstar_plus","succeeded","0","experiment_results_v3.csv","123","38.299","101.88","6","8","2","0.252","0.2002"
"9","14","14","14","14","social_dstar_plus","aborted","0","experiment_results_v3.csv","124","28.061","71.77","8","11","4","0.001","0.2467"
"9","15","14","14","14","social_dstar_plus","succeeded","1","experiment_results_v3.csv","125","36.388","102.65","6","12","4","0.031","0.2358"
"9","16","15","15","15","social_dstar_plus","aborted","0","experiment_results_v3.csv","126","30.84","389.31","33","48","43","0.065","0.1449"
"9","17","15","15","15","social_dstar_plus","succeeded","1","experiment_results_v3.csv","127","37.012","99.77","6","12","3","0.085","0.2018"
"9","18","16","16","16","social_dstar_plus","succeeded","0","experiment_results_v3.csv","128","36.92","101.17","7","8","2","0.21","0.2064"
"9","19","17","17","1","social_dstar_plus","succeeded","0","experiment_results_v3.csv","107","36.273","88.17","8","9","3","0.02","0.3295"
"9","20","18","18","2","social_dstar_plus","succeeded","0","experiment_results_v3.csv","108","36.132","89.55","7","10","4","0.069","0.2911"
"9","21","19","19","1","social_dstar_plus","succeeded","0","experiment_results_v3.csv","109","36.247","89.76","7","9","4","0.018","0.312"
"9","22","20","20","2","social_dstar_plus","succeeded","0","experiment_results_v3.csv","110","36.507","87.47","9","9","1","0.096","0.3257"
